rome,id,date_actualisation
E1101,210RSNH,2026-07-17
E1101,211RNTH,2026-10-06
E1101,212WZNQ,2026-10-07
E1101,213DCPM,2026-09-20
E1101,213LKDG,2026-09-29
E1101,213RYNM,2026-09-17
E1101,213TCLP,2026-09-30
E1101,213VSCS,2026-10-09
E1101,214DRZT,2026-10-02
E1101,214FGWW,2026-10-05
E1101,214HSRL,2026-09-24
E1101,214JLHD,2026-09-24
E1101,214KXYF,2026-10-02
E1101,214NHNW,2026-10-01
E1101,214PFBN,2026-09-30
E1101,214PHZH,2026-10-02
E1101,214PNCS,2026-10-09
E1101,214PVJH,2026-10-06
E1101,214QXYC,2026-10-01
E1101,214RXHR,2026-10-02
E1101,214TWBX,2026-10-05
E1101,214WMMM,2026-10-06
E1101,214YBFZ,2026-10-08
E1101,214YTCC,2026-10-09
E1101,214ZLDZ,2026-10-09
E1101,214ZRWP,2026-10-09
E1101,215BDDY,2026-10-09
E1101,3539810,2026-09-21
E1101,3971398,2026-09-02
E1101,4779659,2026-10-05
E1101,5503316,2026-08-31
E1101,5570863,2026-08-31
E1101,5634257,2026-09-28
E1101,5659836,2026-08-01
E1101,5718083,2026-08-31
E1101,5835571,2026-08-31
E1101,5835574,2026-08-31
E1101,5886748,2026-08-31
E1101,5901934,2026-08-11
E1101,5993930,2026-09-02
E1101,6306139,2026-08-26
E1101,6327408,2026-09-26
E1101,6444923,2026-09-09
E1101,6444928,2026-08-31
E1101,6444993,2026-08-31
E1101,6445004,2026-08-31
E1101,6445006,2026-08-31
E1101,6445012,2026-08-31
E1101,6445043,2026-08-31
E1101,6445051,2026-08-31
E1101,6460543,2026-08-31
E1101,6495551,2026-09-01
E1101,6508220,2026-09-02
E1101,6517557,2026-09-02
E1101,6539958,2026-09-03
E1101,6576277,2026-09-03
E1101,6623766,2026-09-04
E1101,6667448,2026-09-05
E1101,6707347,2026-09-09
E1101,6707351,2026-09-10
E1101,6707361,2026-09-08
E1101,6749253,2026-09-09
E1101,6782061,2026-09-10
E1101,6782074,2026-09-10
E1101,6797661,2026-09-10
E1101,6806004,2026-09-10
E1101,6827320,2026-09-11
E1101,6895797,2026-09-15
E1101,6897462,2026-09-15
E1101,6897558,2026-09-15
E1101,6927940,2026-09-16
E1101,6944573,2026-10-10
E1101,6963933,2026-09-17
E1101,6986669,2026-09-18
E1101,6986710,2026-09-18
E1101,7032637,2026-09-19
E1101,7053013,2026-09-22
E1101,7053518,2026-09-21
E1101,7053788,2026-09-21
E1101,7071595,2026-09-23
E1101,7117848,2026-09-23
E1101,7132280,2026-09-23
E1101,7134967,2026-09-23
E1101,7135114,2026-09-23
E1101,7135278,2026-09-23
E1101,7398726,2026-10-09
E1101,7427717,2026-09-26
E1101,7431020,2026-10-09
E1101,7465127,2026-09-29
E1101,7490441,2026-09-29
E1101,7498070,2026-09-30
E1101,7515050,2026-09-30
E1101,7531287,2026-09-30
E1101,7554342,2026-10-01
E1101,7586931,2026-10-02
E1101,7587718,2026-10-02
E1101,7588754,2026-10-02
E1101,7599585,2026-10-02
E1101,7627113,2026-10-03
E1101,7664713,2026-10-06
E1101,7664731,2026-10-06
E1101,7664750,2026-10-06
E1101,7664846,2026-10-06
E1101,7664918,2026-10-06
E1101,7665194,2026-10-05
E1101,7665266,2026-10-05
E1101,7673246,2026-10-05
E1101,7710168,2026-10-06
E1101,7711332,2026-10-06
E1101,7747799,2026-10-07
E1101,7749896,2026-10-08
E1101,7750893,2026-10-08
E1101,7750912,2026-10-08
E1101,7770991,2026-10-08
E1101,7779237,2026-10-08
E1101,7811369,2026-10-09
E1101,7812948,2026-10-09
E1101,7815134,2026-10-10
E1103,212KJCM,2026-10-06
E1103,213MSND,2026-09-30
E1103,213MXLR,2026-10-08
E1103,213QVBD,2026-10-07
E1103,213VYCF,2026-09-16
E1103,213YKNP,2026-10-07
E1103,213YPVF,2026-10-07
E1103,214BFLX,2026-10-08
E1103,214CTWK,2026-09-21
E1103,214CYQK,2026-10-07
E1103,214DFZJ,2026-09-21
E1103,214DHVQ,2026-09-21
E1103,214HBHP,2026-10-09
E1103,214HLPG,2026-09-23
E1103,214HPKT,2026-09-23
E1103,214KNPV,2026-10-06
E1103,214KVYC,2026-10-05
E1103,214MKHD,2026-09-30
E1103,214MLWC,2026-10-09
E1103,214NMZL,2026-10-05
E1103,214RCRD,2026-10-07
E1103,214RFWN,2026-10-01
E1103,214RKZG,2026-10-01
E1103,214SFYW,2026-10-02
E1103,214SGWG,2026-10-02
E1103,214SLLQ,2026-10-05
E1103,214VCPJ,2026-10-07
E1103,214VJPM,2026-10-05
E1103,214VQBG,2026-10-07
E1103,214WGYD,2026-10-06
E1103,214XHKW,2026-10-07
E1103,214YTFC,2026-10-09
E1103,214ZTKS,2026-10-09
E1103,214ZTTN,2026-10-09
E1103,214ZXYV,2026-10-09
E1103,4655864,2026-09-01
E1103,5043169,2026-09-02
E1103,5689445,2026-08-03
E1103,5718085,2026-08-31
E1103,5933807,2026-08-12
E1103,6001000,2026-08-14
E1103,6418740,2026-08-29
E1103,6433785,2026-10-05
E1103,6444931,2026-08-31
E1103,6444946,2026-08-31
E1103,6444955,2026-08-31
E1103,6517416,2026-09-02
E1103,6683380,2026-09-06
E1103,6692722,2026-09-07
E1103,6748507,2026-10-10
E1103,6766048,2026-09-09
E1103,6766143,2026-09-09
E1103,6775212,2026-09-09
E1103,6782064,2026-09-10
E1103,6797606,2026-09-10
E1103,6799860,2026-09-10
E1103,6802338,2026-09-10
E1103,6822769,2026-10-07
E1103,6827315,2026-09-11
E1103,6827316,2026-09-11
E1103,6846720,2026-09-12
E1103,6847932,2026-09-12
E1103,6863219,2026-09-14
E1103,6895807,2026-09-15
E1103,6895819,2026-09-15
E1103,6895837,2026-09-15
E1103,6897466,2026-09-15
E1103,6897598,2026-09-15
E1103,6897955,2026-09-15
E1103,6930115,2026-09-16
E1103,6934325,2026-09-16
E1103,6985876,2026-10-01
E1103,6986711,2026-09-18
E1103,6993184,2026-09-18
E1103,7052836,2026-09-22
E1103,7052867,2026-09-22
E1103,7052877,2026-09-22
E1103,7052888,2026-09-22
E1103,7053499,2026-09-21
E1103,7053813,2026-09-21
E1103,7059921,2026-10-10
E1103,7066550,2026-09-21
E1103,7066656,2026-09-21
E1103,7067812,2026-09-21
E1103,7093775,2026-09-22
E1103,7093796,2026-09-22
E1103,7093797,2026-09-22
E1103,7094053,2026-09-22
E1103,7096498,2026-09-22
E1103,7098425,2026-09-22
E1103,7098431,2026-09-22
E1103,7104777,2026-09-23
E1103,7106647,2026-09-23
E1103,7112310,2026-09-23
E1103,7113163,2026-09-23
E1103,7116511,2026-10-10
E1103,7132292,2026-09-23
E1103,7132351,2026-09-23
E1103,7132682,2026-09-23
E1103,7133305,2026-09-23
E1103,7135012,2026-09-23
E1103,7135177,2026-09-23
E1103,7153982,2026-09-24
E1103,7155606,2026-10-02
E1103,7167167,2026-09-24
E1103,7169206,2026-09-24
E1103,7357389,2026-10-10
E1103,7405732,2026-09-26
E1103,7428142,2026-09-26
E1103,7429739,2026-09-26
E1103,7430786,2026-10-09
E1103,7430943,2026-10-09
E1103,7431095,2026-10-09
E1103,7465067,2026-09-29
E1103,7477880,2026-09-29
E1103,7494864,2026-10-09
E1103,7515170,2026-09-30
E1103,7515176,2026-09-30
E1103,7515178,2026-09-30
E1103,7519294,2026-09-30
E1103,7521825,2026-09-30
E1103,7554281,2026-10-01
E1103,7554395,2026-10-01
E1103,7554950,2026-10-01
E1103,7555288,2026-10-01
E1103,7555542,2026-10-01
E1103,7557132,2026-10-01
E1103,7558353,2026-10-01
E1103,7572598,2026-10-02
E1103,7575870,2026-10-02
E1103,7586877,2026-10-02
E1103,7586882,2026-10-02
E1103,7587621,2026-10-02
E1103,7588988,2026-10-02
E1103,7598901,2026-10-02
E1103,7630914,2026-10-03
E1103,7630915,2026-10-03
E1103,7631087,2026-10-03
E1103,7633866,2026-10-03
E1103,7633887,2026-10-03
E1103,7634137,2026-10-03
E1103,7634180,2026-10-03
E1103,7656149,2026-10-04
E1103,7664670,2026-10-09
E1103,7680302,2026-10-06
E1103,7685261,2026-10-06
E1103,7704706,2026-10-06
E1103,7716884,2026-10-07
E1103,7717230,2026-10-07
E1103,7735248,2026-10-07
E1103,7735260,2026-10-07
E1103,7735950,2026-10-10
E1103,7738448,2026-10-07
E1103,7738503,2026-10-07
E1103,7744823,2026-10-07
E1103,7751625,2026-10-08
E1103,7755380,2026-10-08
E1103,7766822,2026-10-08
E1103,7768752,2026-10-08
E1103,7770266,2026-10-08
E1103,7771022,2026-10-08
E1103,7771028,2026-10-08
E1103,7774195,2026-10-08
E1103,7790392,2026-10-09
E1103,7790595,2026-10-09
E1103,7792374,2026-10-09
E1103,7793267,2026-10-09
E1103,7797461,2026-10-09
E1103,7813060,2026-10-09
E1103,7817240,2026-10-10
E1103,7817271,2026-10-10
E1107,208KLNS,2026-07-20
E1107,213BJVL,2026-09-30
E1107,213HZFH,2026-09-21
E1107,213PCMH,2026-10-01
E1107,213PJHM,2026-10-05
E1107,213PJLX,2026-10-05
E1107,213PJPV,2026-10-05
E1107,213PJRF,2026-10-02
E1107,213PJTF,2026-10-05
E1107,213SGYY,2026-10-01
E1107,213TVQT,2026-09-15
E1107,213VYKB,2026-10-05
E1107,213XMHM,2026-09-15
E1107,213ZFQM,2026-09-25
E1107,213ZPSV,2026-10-01
E1107,214DPMN,2026-10-07
E1107,214FNTW,2026-10-08
E1107,214GMTT,2026-09-23
E1107,214JBSN,2026-10-08
E1107,214JWDH,2026-10-09
E1107,214NHDV,2026-10-08
E1107,214PRJQ,2026-10-01
E1107,214RJXW,2026-10-02
E1107,214SSHB,2026-10-05
E1107,214THKS,2026-10-05
E1107,214TPJN,2026-10-07
E1107,214VBQB,2026-10-08
E1107,214VFZP,2026-10-05
E1107,214VWLP,2026-10-06
E1107,214WJPT,2026-10-06
E1107,214WSKC,2026-10-07
E1107,214WWMY,2026-10-07
E1107,214XSML,2026-10-08
E1107,214YMHW,2026-10-09
E1107,214YQMK,2026-10-08
E1107,214ZNXZ,2026-10-09
E1107,215BFLR,2026-10-09
E1107,4240244,2026-07-22
E1107,4240255,2026-07-22
E1107,4296427,2026-08-31
E1107,4500553,2026-07-22
E1107,4664784,2026-09-15
E1107,4762248,2026-07-17
E1107,4953791,2026-07-22
E1107,5040837,2026-08-28
E1107,5041259,2026-07-22
E1107,5620721,2026-09-02
E1107,5691244,2026-08-04
E1107,5820178,2026-08-07
E1107,6124470,2026-10-10
E1107,6344890,2026-08-27
E1107,6445087,2026-08-31
E1107,6539965,2026-09-03
E1107,6625257,2026-09-04
E1107,6847883,2026-09-12
E1107,6847894,2026-10-06
E1107,6896891,2026-09-15
E1107,6929504,2026-09-16
E1107,6930877,2026-09-16
E1107,6962329,2026-10-09
E1107,6962358,2026-10-09
E1107,7032588,2026-09-19
E1107,7032633,2026-09-19
E1107,7059513,2026-10-10
E1107,7165266,2026-09-24
E1107,7169090,2026-09-24
E1107,7169101,2026-09-24
E1107,7169361,2026-09-24
E1107,7169383,2026-09-24
E1107,7346736,2026-09-25
E1107,7385210,2026-09-25
E1107,7385358,2026-09-25
E1107,7403229,2026-09-26
E1107,7423084,2026-09-26
E1107,7423114,2026-09-26
E1107,7423126,2026-09-26
E1107,7423133,2026-09-26
E1107,7423354,2026-09-26
E1107,7425889,2026-09-26
E1107,7427501,2026-09-26
E1107,7492869,2026-09-29
E1107,7493191,2026-09-29
E1107,7496999,2026-09-30
E1107,7516434,2026-09-30
E1107,7518295,2026-10-01
E1107,7519122,2026-09-30
E1107,7585135,2026-10-02
E1107,7587720,2026-10-02
E1107,7626660,2026-10-03
E1107,7655201,2026-10-04
E1107,7668418,2026-10-05
E1107,7678890,2026-10-09
E1107,7703546,2026-10-06
E1107,7703721,2026-10-06
E1107,7704115,2026-10-06
E1107,7735644,2026-10-10
E1107,7738186,2026-10-07
E1107,7738208,2026-10-07
E1107,7770918,2026-10-08
E1107,7770964,2026-10-08
E1107,7783082,2026-10-09
E1107,7790104,2026-10-09
E1107,7790120,2026-10-09
E1107,7791995,2026-10-09
E1107,7791997,2026-10-09
E1107,7792003,2026-10-09
E1107,7792004,2026-10-09
E1107,7792005,2026-10-09
E1107,7792007,2026-10-09
E1107,7792008,2026-10-09
E1107,7792009,2026-10-09
E1107,7792010,2026-10-09
E1107,7792011,2026-10-09
E1107,7792164,2026-10-09
E1107,7793137,2026-10-09
E1107,7816374,2026-10-10
E1112,210FYFK,2026-07-20
E1112,211XWPT,2026-10-06
E1112,212FNNN,2026-10-07
E1112,212HVSX,2026-10-09
E1112,213DSPZ,2026-09-16
E1112,213JGNT,2026-10-07
E1112,213MFKB,2026-09-23
E1112,213PHCJ,2026-10-09
E1112,213TVMG,2026-10-06
E1112,213TWVN,2026-09-21
E1112,213VXQC,2026-09-15
E1112,213WCMR,2026-09-29
E1112,213XJWB,2026-10-09
E1112,213XPQQ,2026-09-16
E1112,213YPWM,2026-10-06
E1112,213YYVK,2026-10-05
E1112,213ZJQL,2026-10-07
E1112,213ZLVB,2026-09-18
E1112,213ZWTH,2026-09-17
E1112,213ZZZN,2026-10-09
E1112,214BGMR,2026-09-18
E1112,214BKDX,2026-10-01
E1112,214BKDZ,2026-10-01
E1112,214CMPJ,2026-10-08
E1112,214CNCQ,2026-09-28
E1112,214CPNW,2026-09-21
E1112,214CYTY,2026-10-08
E1112,214CYWC,2026-09-21
E1112,214DQZC,2026-09-21
E1112,214DXLV,2026-09-22
E1112,214FRHK,2026-09-22
E1112,214GFFG,2026-10-06
E1112,214GNBZ,2026-09-24
E1112,214HCSR,2026-10-09
E1112,214HWQK,2026-10-09
E1112,214JXQF,2026-10-06
E1112,214JZXQ,2026-09-25
E1112,214KJWG,2026-10-05
E1112,214LWQV,2026-10-05
E1112,214LXXJ,2026-10-09
E1112,214MBDB,2026-09-28
E1112,214MDPM,2026-09-28
E1112,214MMLY,2026-10-09
E1112,214MNWW,2026-10-05
E1112,214MSDY,2026-09-28
E1112,214NCSC,2026-09-30
E1112,214NDWP,2026-09-29
E1112,214NFPP,2026-09-29
E1112,214NJHC,2026-09-30
E1112,214NVKZ,2026-09-29
E1112,214NWLD,2026-09-30
E1112,214PGJQ,2026-09-30
E1112,214PRKH,2026-10-05
E1112,214QKFH,2026-10-01
E1112,214QXPS,2026-10-01
E1112,214RZQL,2026-10-02
E1112,214RZTM,2026-10-02
E1112,214SPHR,2026-10-07
E1112,214TBBQ,2026-10-05
E1112,214TGMF,2026-10-06
E1112,214TJLW,2026-10-05
E1112,214TSKC,2026-10-05
E1112,214TZZW,2026-10-05
E1112,214VQML,2026-10-06
E1112,214VQMR,2026-10-06
E1112,214VQNW,2026-10-06
E1112,214WFGP,2026-10-07
E1112,214WHDP,2026-10-06
E1112,214WHRQ,2026-10-06
E1112,214WJHF,2026-10-06
E1112,214WSBW,2026-10-07
E1112,214XBDW,2026-10-07
E1112,214XNXH,2026-10-07
E1112,214YJHB,2026-10-09
E1112,214YLLQ,2026-10-08
E1112,214YXVN,2026-10-09
E1112,214ZDTV,2026-10-09
E1112,214ZDVW,2026-10-08
E1112,214ZLPV,2026-10-09
E1112,214ZWQX,2026-10-09
E1112,214ZWSZ,2026-10-09
E1112,214ZWWV,2026-10-09
E1112,214ZXSC,2026-10-09
E1112,214ZXZK,2026-10-09
E1112,215BDDT,2026-10-09
E1112,2191442,2026-10-08
E1112,2868075,2026-08-06
E1112,2944465,2026-10-05
E1112,3878522,2026-07-21
E1112,3878839,2026-08-20
E1112,4296355,2026-08-31
E1112,4329211,2026-07-23
E1112,4331177,2026-08-07
E1112,5058457,2026-10-05
E1112,5069180,2026-07-17
E1112,5069205,2026-07-17
E1112,5100167,2026-07-27
E1112,5119079,2026-07-19
E1112,5227558,2026-08-31
E1112,5227563,2026-08-31
E1112,5366222,2026-10-09
E1112,5442561,2026-08-31
E1112,5442580,2026-08-31
E1112,5442590,2026-08-31
E1112,5442603,2026-07-25
E1112,5570854,2026-08-31
E1112,5718079,2026-08-31
E1112,5718081,2026-08-31
E1112,5718082,2026-08-31
E1112,5744249,2026-08-31
E1112,5835567,2026-08-31
E1112,5857370,2026-10-02
E1112,5857470,2026-10-02
E1112,6002608,2026-08-28
E1112,6170324,2026-09-15
E1112,6395137,2026-08-29
E1112,6444920,2026-08-31
E1112,6444943,2026-08-31
E1112,6444957,2026-08-31
E1112,6444969,2026-08-31
E1112,6444984,2026-08-31
E1112,6445001,2026-08-31
E1112,6445002,2026-08-31
E1112,6445009,2026-08-31
E1112,6445024,2026-08-31
E1112,6445029,2026-08-31
E1112,6445031,2026-08-31
E1112,6445033,2026-08-31
E1112,6445036,2026-08-31
E1112,6445065,2026-09-04
E1112,6445084,2026-08-31
E1112,6460535,2026-08-31
E1112,6460536,2026-08-31
E1112,6478444,2026-09-05
E1112,6498317,2026-09-01
E1112,6499286,2026-09-01
E1112,6499311,2026-09-01
E1112,6517550,2026-09-02
E1112,6531320,2026-09-04
E1112,6588852,2026-09-03
E1112,6598542,2026-09-05
E1112,6598558,2026-09-08
E1112,6623637,2026-09-04
E1112,6623736,2026-09-04
E1112,6623807,2026-09-04
E1112,6667431,2026-09-05
E1112,6692695,2026-09-07
E1112,6707353,2026-09-08
E1112,6707359,2026-09-08
E1112,6727724,2026-09-08
E1112,6748873,2026-10-10
E1112,6749264,2026-09-10
E1112,6766041,2026-09-09
E1112,6766118,2026-09-09
E1112,6782037,2026-09-10
E1112,6782043,2026-09-10
E1112,6797447,2026-09-10
E1112,6797464,2026-09-10
E1112,6805854,2026-09-10
E1112,6846408,2026-09-12
E1112,6846533,2026-09-12
E1112,6846763,2026-09-12
E1112,6863099,2026-09-14
E1112,6866329,2026-09-15
E1112,6927895,2026-09-16
E1112,6942891,2026-09-16
E1112,6963926,2026-09-17
E1112,6986640,2026-09-18
E1112,7032571,2026-09-19
E1112,7053324,2026-09-21
E1112,7053533,2026-09-21
E1112,7053778,2026-09-21
E1112,7062497,2026-09-21
E1112,7066468,2026-10-06
E1112,7071759,2026-10-09
E1112,7093772,2026-09-22
E1112,7093811,2026-09-22
E1112,7098786,2026-09-22
E1112,7102214,2026-09-22
E1112,7103277,2026-09-22
E1112,7112630,2026-10-02
E1112,7113511,2026-09-23
E1112,7113673,2026-09-23
E1112,7116458,2026-10-10
E1112,7132291,2026-09-23
E1112,7152358,2026-09-24
E1112,7155835,2026-09-24
E1112,7162750,2026-09-24
E1112,7163114,2026-09-24
E1112,7168328,2026-09-24
E1112,7168806,2026-09-24
E1112,7168935,2026-09-24
E1112,7169144,2026-09-24
E1112,7169321,2026-09-24
E1112,7169476,2026-09-24
E1112,7352460,2026-09-25
E1112,7393895,2026-09-25
E1112,7406835,2026-10-10
E1112,7425807,2026-09-26
E1112,7425857,2026-09-26
E1112,7427747,2026-09-26
E1112,7430995,2026-10-09
E1112,7436091,2026-09-27
E1112,7477861,2026-09-29
E1112,7497411,2026-09-30
E1112,7515046,2026-09-30
E1112,7515189,2026-09-30
E1112,7528616,2026-09-30
E1112,7528801,2026-09-30
E1112,7528803,2026-09-30
E1112,7528862,2026-09-30
E1112,7529927,2026-09-30
E1112,7536723,2026-10-01
E1112,7565217,2026-10-02
E1112,7567684,2026-10-02
E1112,7573654,2026-10-10
E1112,7573657,2026-10-10
E1112,7573665,2026-10-10
E1112,7586692,2026-10-02
E1112,7596280,2026-10-02
E1112,7604576,2026-10-06
E1112,7631928,2026-10-03
E1112,7673217,2026-10-05
E1112,7677550,2026-10-06
E1112,7677552,2026-10-06
E1112,7680617,2026-10-06
E1112,7680874,2026-10-06
E1112,7707151,2026-10-06
E1112,7709877,2026-10-06
E1112,7712166,2026-10-07
E1112,7712167,2026-10-07
E1112,7712169,2026-10-07
E1112,7735255,2026-10-07
E1112,7735269,2026-10-07
E1112,7735285,2026-10-07
E1112,7735303,2026-10-07
E1112,7735305,2026-10-07
E1112,7735307,2026-10-07
E1112,7735455,2026-10-07
E1112,7746089,2026-10-09
E1112,7747738,2026-10-07
E1112,7749306,2026-10-09
E1112,7751301,2026-10-08
E1112,7752331,2026-10-09
E1112,7768783,2026-10-08
E1112,7768794,2026-10-08
E1112,7768850,2026-10-08
E1112,7768877,2026-10-08
E1112,7768923,2026-10-08
E1112,7770993,2026-10-08
E1112,7775003,2026-10-08
E1112,7778176,2026-10-08
E1112,7778343,2026-10-09
E1112,7779107,2026-10-08
E1112,7784834,2026-10-10
E1112,7790377,2026-10-09
E1112,7813373,2026-10-10
E1112,7813548,2026-10-10
E1112,7815151,2026-10-10
E1112,7817543,2026-10-10
E1112,7817571,2026-10-10
E1112,7818000,2026-10-10
E1124,213DSLZ,2026-09-24
E1124,213XMRT,2026-10-06
E1124,214BYZJ,2026-10-04
E1124,214LPRV,2026-09-28
E1124,214NMXK,2026-09-30
E1124,214QZWX,2026-10-09
E1124,214WYRJ,2026-10-07
E1124,214YKLN,2026-10-08
E1124,6078798,2026-08-31
E1124,6444950,2026-08-31
E1124,6538237,2026-10-02
E1124,6625228,2026-09-04
E1124,6782071,2026-09-10
E1124,6845628,2026-10-01
E1124,6846844,2026-09-12
E1124,6849983,2026-09-22
E1124,6961894,2026-10-01
E1124,7092827,2026-10-01
E1124,7406848,2026-10-10
E1124,7426004,2026-09-26
E1124,7477272,2026-09-29
E1124,7489632,2026-10-01
E1124,7515820,2026-09-30
E1124,7553064,2026-10-01
E1124,7586493,2026-10-02
E1124,7598599,2026-10-09
E1124,7630355,2026-10-06
E1124,7680406,2026-10-06
E1124,7716577,2026-10-07
E1124,7717774,2026-10-10
E1124,7734772,2026-10-07
E1124,7734912,2026-10-07
E1124,7772641,2026-10-08
E1124,7781211,2026-10-09
E1404,213GJND,2026-09-30
E1404,213QNFF,2026-10-07
E1404,213VBRR,2026-09-29
E1404,214BTHL,2026-10-04
E1404,214BWGV,2026-09-18
E1404,214JCDV,2026-10-08
E1404,214LHCQ,2026-10-05
E1404,214TJWG,2026-10-05
E1404,214VHCQ,2026-10-06
E1404,214VXBL,2026-10-06
E1404,2909073,2026-07-21
E1404,5145847,2026-07-22
E1404,5439937,2026-07-25
E1404,5597083,2026-07-31
E1404,5933803,2026-08-12
E1404,5968769,2026-10-05
E1404,5993769,2026-08-14
E1404,5993818,2026-09-17
E1404,5993851,2026-08-14
E1404,5993860,2026-08-14
E1404,6145016,2026-08-20
E1404,6278804,2026-09-30
E1404,6542061,2026-10-07
E1404,6623820,2026-09-04
E1404,6797544,2026-09-10
E1404,6797549,2026-09-10
E1404,6847846,2026-09-12
E1404,6895783,2026-09-15
E1404,6936629,2026-09-16
E1404,6944599,2026-10-10
E1404,6986993,2026-09-18
E1404,6988393,2026-09-18
E1404,7053323,2026-09-21
E1404,7386769,2026-09-25
E1404,7401094,2026-09-26
E1404,7406980,2026-10-10
E1404,7465454,2026-09-28
E1404,7518176,2026-10-02
E1404,7520377,2026-09-30
E1404,7554087,2026-10-01
E1404,7668771,2026-10-05
E1404,7704336,2026-10-06
E1404,7704355,2026-10-06
E1404,7735245,2026-10-07
E1404,7735332,2026-10-07
E1404,7737216,2026-10-07
E1404,7739944,2026-10-07
E1404,7818206,2026-10-10
E1404,7820055,2026-10-10
E1406,214TTLW,2026-10-08
E1406,7624433,2026-10-03
M1719,214FYYP,2026-09-22
M1719,214LDLS,2026-09-25
M1719,7588805,2026-10-02
